euname,modified,linked_country,iso3,iso2,grc,isonum,country,imperitive,cn_country
,,Georgia,,,ABK,,Abkhazia,De Facto; Currency,阿布哈兹
AFGHANISTAN,,,AFG,AF,AFG,4,Afghanistan,,阿富汗
,Added 26th October 2010,Finland,ALA,AX,ALA,248,Åland Islands,Postal,奥兰群岛
Albania,,,ALB,AL,ALB,8,Albania,,阿尔巴尼亚
ALGERIA,,,DZA,DZ,ALG,12,Algeria,,阿尔及利亚
,,United States of America,ASM,AS,AMS,16,American Samoa,Geographical,美属萨摩亚
ANDORRA,,,AND,AD,AND,20,Andorra,,安道​​尔
ANGOLA,,,AGO,AO,ANG,24,Angola,,安哥拉
,,United Kingdom,AIA,AI,ANU,660,Anguilla,Geographical; Postal; Currency; Telephone,安圭拉
ANTIGUA AND BARBUDA,,,ATG,AG,ANT,28,Antigua & Barbuda,,安提瓜和巴布达
Argentina,,,ARG,AR,ARG,32,Argentina,,阿根廷
Armenia,,,ARM,AM,ARM,51,Armenia,,亚美尼亚
ARUBA,,Netherlands,ABW,AW,ARU,533,Aruba,Geographical; Postal; Currency; Telephone,阿鲁巴
Australia,,,AUS,AU,AST,36,Australia,,澳大利亚
Austria,,,AUT,AT,AUS,40,Austria,,奥地利
AZERBAIJAN,,,AZE,AZ,AZE,31,Azerbaijan,,阿塞拜疆
BAHAMAS,,,BHS,BS,BAH,44,Bahamas,,巴哈马
BAHRAIN,,,BHR,BH,BAR,48,Bahrain,,巴林
BANGLADESH,,,BGD,BD,BAN,50,Bangladesh,,孟加拉国
Barbados,,,BRB,BB,BAB,52,Barbados,,巴巴多斯
BELARUS,,,BLR,BY,BEO,112,Belarus,,白俄罗斯
Belgium,,,BEL,BE,BEL,56,Belgium,,比利时
BELIZE,,,BLZ,BZ,BEI,84,Belize,,伯利兹
Benin,,,BEN,BJ,BEN,204,Benin,,贝宁
,,United Kingdom,BMU,BM,BER,60,Bermuda,Geographical; Postal; Currency; Telephone,百慕大
BHUTAN,,,BTN,BT,BHU,64,Bhutan,,不丹
BOLIVIA,,,BOL,BO,BOL,68,Bolivia,,玻利维亚
,ISO codes added 28th Dec. 2010,Netherlands,BES,BQ,BON,535,Bonaire,Geographical; Postal; Currency; Telephone,博内尔
Bosnia-Herzegovina,,,BIH,BA,BOS,70,Bosnia-Herzegovina,,波黑
BOTSWANA,,,BWA,BW,BOT,72,Botswana,,博茨瓦纳
Brazil,,,BRA,BR,BRA,76,Brazil,,巴西
,,"United Kingdom, United States of America",IOT,IO,BIO,86,British Indian Ocean Territory,Geographical; Postal; Telephone,英属印度洋领地
British Virgin Islands,,United Kingdom,VGB,VG,BVI,92,British Virgin Islands,Geographical; Postal; Currency; Telephone,英属维尔京群岛
BRUNEI,,,BRN,BN,BRU,96,Brunei Darussalam,,文莱达鲁萨兰国
Bulgaria,,,BGR,BG,BUL,100,Bulgaria,,保加利亚
BURKINA FASO,,,BFA,BF,BUK,854,Burkina Faso,,布基纳法索
BURUNDI,,,BDI,BI,BUU,108,Burundi,,布隆迪
Cambodia,,,KHM,KH,CAM,116,Cambodia,,柬埔寨
Cameroon,,,CMR,CM,CAE,120,Cameroon,,喀麦隆
Canada,,,CAN,CA,CAN,124,Canada,,加拿大
CAPE VERDE,,,CPV,CV,CAP,132,Cape Verde Islands,,佛得角群岛
,,United Kingdom,CYM,KY,CAY,136,Cayman Islands,Geographical; Postal; Currency; Telephone,开曼群岛
"CENTRAL AFRICAN, REPUBLIC",,,CAF,CF,CEN,140,Central African Republic,,中非共和国
Chad,,,TCD,TD,CHA,148,Chad,,乍得
CHILE,,,CHL,CL,CHI,152,Chile,,智利
CHINA,,,CHN,CN,CHN,156,China,,中国
,,Australia,CXR,CX,CHR,162,Christmas Island,Geographical,圣诞岛
,,Australia,CCK,CC,COC,166,Cocos (Keeling) Islands,Geographical,科科斯
Colombia,,,COL,CO,CLO,170,Colombia,,哥伦比亚
COMOROS,,,COM,KM,COM,174,Comoros,,科摩罗
CONGO,,,COG,CG,CNG,178,Congo (Brazzaville),,刚果（布）
"CONGO, DEMOCRATIC REPUBLIC OF",,,ZAR,CD,ZAI,180,Congo (Kinshasa),,刚果（金）
COOK ISLANDS,,New Zealand,COK,CK,COO,184,Cook Islands,Geographical; Postal; Telephone,库克群岛
Costa Rica,,,CRI,CR,COS,188,Costa Rica,,哥斯达黎加
Croatia,,,HRV,HR,CRO,191,Croatia,,克罗地亚
CUBA,,,CUB,CU,CUB,192,Cuba,,古巴
,ISO codes added 28th Dec. 2010,Netherlands,CUW,CW,CUR,531,Curaçao,Geographical; Postal; Currency; Telephone,库拉索
Cyprus,,,CYP,CY,CYP,196,Cyprus,,塞浦路斯
Czech Republic,,,CZE,CZ,CZE,203,Czech Republic,,捷克共和国
Denmark,,,DNK,DK,DEN,208,Denmark,,丹麦
DJIBOUTI,,,DJI,DJ,DJI,262,Djibouti,,吉布提
DOMINIQUE,,,DMA,DM,DOI,212,Dominica,,多米尼加
Dominican Republic,,,DOM,DO,DOM,214,Dominican Republic,,多明尼加共和国
EAST TIMOR,,,TLS,TL,ETI,626,East Timor,,东帝汶
Ecuador,,,ECU,EC,ECU,218,Ecuador,,厄瓜多尔
EGYPT,,,EGY,EG,EGY,818,Egypt,,埃及
El Salvador,,,SLV,SV,ELS,222,El Salvador,,萨尔瓦多
EQUATORIAL GUINEA,,,GNQ,GQ,EQA,226,Equatorial Guinea,,赤道几内亚
ERITREA,,,ERI,ER,ERI,232,Eritrea,,厄立特里亚
Estonia,,,EST,EE,EST,233,Estonia,,爱沙尼亚
ETHIOPIA,,,ETH,ET,ETH,231,Ethiopia,,埃塞俄比亚
FAROE ISLANDS,,,FRO,FO,FAE,234,Faeroe Islands,,法罗群岛
,,United Kingdom,FLK,FK,FAL,238,Falkland Islands,Geographical; Postal; Currency; Telephone,福克兰群岛
FIJI,,,FJI,FJ,FIJ,242,Fiji,,斐
Finland,,,FIN,FI,FIN,246,Finland,,芬兰
France,,,FRA,FR,FRA,250,France,,法国
FRENCH GUYANA,,France,GUF,GF,FGU,254,French Guiana,Geographical; Telephone,法属圭亚那
FRENCH POLYNESIA,Corrected 13th November 2010,France,PYF,PF,FPO,258,French Polynesia,Geographical; Currency; Telephone,法属波利尼西亚
,,France,ATF,TF,FST,260,French Southern Territories,Geographical; Postal; Telephone,法国南方的领土
GABON,,,GAB,GA,GAB,266,Gabon,,加蓬
GAMBIA,,,GMB,GM,GAM,270,Gambia,,冈比亚
GEORGIA,,,GEO,GE,GEO,268,Georgia,,格鲁吉亚
Germany,,,DEU,DE,GER,276,Germany,,德国
Ghana,,,GHA,GH,GHA,288,Ghana,,加纳
GIBRALTAR,,United Kingdom,GIB,GI,GIB,292,Gibralter,Geographical; Postal; Currency; Telephone,直布罗陀
Greece,,,GRC,GR,GRE,300,Greece,,希腊
GREENLAND,,Denmark,GRL,GL,GRN,304,Greenland,Geographical; Postal; Telephone,格陵兰
GRENADA,,,GRD,GD,GRA,308,Grenada,,格林纳达
GUADELOUPE,,France,GLP,GP,GUD,312,Guadeloupe,Geographical; Postal; Telephone,瓜德罗普岛
,,United States of America,GUM,GU,GUM,316,Guam,Geographical,关岛
Guatemala,,,GTM,GT,GUA,320,Guatemala,,危地马拉
,,United Kingdom,GGY,GG,GUE,831,Guernsey,Postal,根西岛
Guinea,,,GIN,GN,GUI,324,Guinea,,几内亚
GUINEA BISSAU,,,GNB,GW,GUB,624,Guinea-Bissau,,几内亚比绍
GUYANA,,,GUY,GY,GUY,328,Guyana,,圭亚那
HAITI,,,HTI,HT,HAI,332,Haiti,,海地
HOLY SEE (VATICAN CITY STATE),,,VAT,VA,VAT,336,Holy See,,教廷
Honduras,,,HND,HN,HON,340,Honduras,,洪都拉斯
Hong Kong,,China,HKG,HK,HOK,344,Hong Kong,Postal; Currency; Telephone,香港
Hungary,,,HUN,HU,HUN,348,Hungary,,匈牙利
Iceland,,,ISL,IS,ICE,352,Iceland,,冰岛
India,,,IND,IN,IND,356,India,,印度
INDONESIA,,,IDN,ID,INO,360,Indonesia,,印度尼西亚
"IRAN, ISLAMIC REPUBLIC OF",,,IRN,IR,IRA,364,Iran,,伊朗
IRAQ,,,IRQ,IQ,IRQ,368,Iraq,,伊拉克
Ireland,,,IRL,IE,IRE,372,Ireland,,爱尔兰
,,United Kingdom,IMN,IM,ISL,833,Isle of Man,Postal,马恩岛
Israel,,,ISR,IL,ISR,376,Israel,,以色列
Italy,,,ITA,IT,ITA,380,Italy,,意大利
COTE D'IVOIRE,,,CIV,CI,IVO,384,Ivory Coast,,象牙海岸
Jamaica,,,JAM,JM,JAM,388,Jamaica,,牙买加
Japan,,,JPN,JP,JAP,392,Japan,,日本
JERSEY,,United Kingdom,JEY,JE,JER,832,Jersey,Postal,新泽西
JORDAN,,,JOR,JO,JOR,400,Jordan,,约旦
KAZAKHSTAN,,,KAZ,KZ,KAZ,398,Kazakhstan,,哈萨克斯坦
Kenya,,,KEN,KE,KEN,404,Kenya,,肯尼亚
KIRIBATI,,,KIR,KI,KII,296,Kiribati,,基里巴斯
,,Serbia,,,KOS,,Kosovo,Postal; Currency; Telephone,科索沃
KUWAIT,,,KWT,KW,KUW,414,Kuwait,,科威特
KYRGYZSTAN,,,KGZ,KG,KIR,417,Kyrgyzstan,,吉尔吉斯斯坦
"LAOS, PEOPLE'S DEMOCRATIC REPUBLIC",,,LAO,LA,LAO,418,Laos,,老挝
Latvia,,,LVA,LV,LAT,428,Latvia,,拉脱维亚
LEBANON,,,LBN,LB,LEB,422,Lebanon,,黎巴嫩
LESOTHO,,,LSO,LS,LES,426,Lesotho,,莱索托
LIBERIA,,,LBR,LR,LIR,430,Liberia,,利比里亚
LIBYA,,,LBY,LY,LIB,434,Libya,,利比亚
LIECHTENSTEIN,,,LIE,LI,LIE,438,Liechtenstein,,列支敦士登
LITUANIA,,,LTU,LT,LIT,440,Lithuania,,立陶宛
Luxembourg,,,LUX,LU,LUX,442,Luxembourg,,卢森堡
MACAO,,China,MAC,MO,MCA,446,Macau,Postal; Currency; Telephone,澳门
"MACEDONIA, FORMER YUGOSLAV REPUBLIC OF",,,MKD,MK,MCE,807,Macedonia,,马其顿
MADAGASCAR,,,MDG,MG,MAD,450,Madagascar,,马达加斯加
MALAWI,,,MWI,MW,MAW,454,Malawi,,马拉维
Malaysia,,,MYS,MY,MAA,458,Malaysia,,马来西亚
MALDIVES,,,MDV,MV,MAV,462,Maldives,,马尔代夫
MALI,,,MLI,ML,MAI,466,Mali,,马里
Malta,,,MLT,MT,MAL,470,Malta,,马耳他
MARSHALL ISLANDS,,,MHL,MH,MAR,584,Marshall Islands,,马绍尔群岛
MARTINIQUE,,France,MTQ,MQ,MAN,474,Martinique,Geographical; Postal; Telephone,马提尼克
Mauritania,,,MRT,MR,MAU,478,Mauritania,,毛里塔尼亚
MAURITIUS,,,MUS,MU,MAT,480,Mauritius,,毛里求斯
MAYOTTE,,France,MYT,YT,MAY,175,Mayotte,Geographical; Postal; Telephone,马约特
Mexico,,,MEX,MX,MEX,484,Mexico,,墨西哥
"MICRONESIA, FEDERATED STATES OF",,,FSM,FM,MIC,583,Micronesia,,密克罗尼西亚
"MOLDOVA, REPUBLIC OF",,,MDA,MD,MOL,498,Moldova,,摩尔多瓦
Monaco,,,MCO,MC,MON,492,Monaco,,摩纳哥
MONGOLIA,,,MNG,MN,MOG,496,Mongolia,,蒙古
Montenegro,,,MNE,ME,MOE,499,Montenegro,,黑山
,,United Kingdom,MSR,MS,MOT,500,Montserrat,Geographical; Postal; Currency; Telephone,蒙特塞拉特
Morocco,,,MAR,MA,MOR,504,Morocco,,摩洛哥
Mozambique,,,MOZ,MZ,MOZ,508,Mozambique,,莫桑比克
Myanmar,,,MMR,MM,BUR,104,Myanmar,,缅甸
,,Azerbaijan,,,NAG,,Nagorno-Karabakh,De Facto,纳戈尔诺 - 卡拉巴赫
NAMIBIA,,,NAM,NA,NAM,516,Namibia,,纳米比亚
NAURU,,,NRU,NR,NAU,520,Nauru,,瑙鲁
NEPAL,,,NPL,NP,NEP,524,Nepal,,尼泊尔
Netherlands Antilles,,,ANT,AN,NAN,530,Netherlands Antilles,Legacy,荷属安的列斯
Netherlands,,,NLD,NL,NET,528,Netherlands,,荷兰
NEW CALEDONIA,,France,NCL,NC,NCA,540,New Caledonia,Geographical; Postal; Currency; Telephone,新喀里多尼亚
NEW ZEALAND,,,NZL,NZ,NEW,554,New Zealand,,新西兰
Nicaragua,,,NIC,NI,NIC,558,Nicaragua,,尼加拉瓜
Niger,,,NER,NE,NIE,562,Niger,,尼日尔
Nigeria,,,NGA,NG,NIG,566,Nigeria,,尼日利亚
NIUE,,,NIU,NU,NIU,570,Niue,,纽埃
,,Australia,NFK,NF,NOF,574,Norfolk Island,Geographical; Telephone,诺福克岛
"KOREA, PEOPLE'S DEMOCRATIC REPUBLIC OF",,,PRK,KP,NKO,408,North Korea,,北朝鲜
,,Cyprus,,,NCY,,Northern Cyprus,De Facto; Postal; Currency; Telephone,北塞浦路斯
,,United States of America,MNP,MP,NMI,580,Northern Mariana Islands,Geographical,北马里亚纳群岛
Norway,,,NOR,NO,NOR,578,Norway,,挪威
OMAN,,,OMN,OM,OMA,512,Oman,,阿曼
Pakistan,,,PAK,PK,PAK,586,Pakistan,,巴基斯坦
PALAU,,,PLW,PW,PAL,585,Palau,,帕劳
PALESTINIAN OCCUPIED TERRITORY,,Israel,PSE,PS,PLA,275,Palestinian Territories,,巴勒斯坦领土
PANAMA,,,PAN,PA,PAN,591,Panama,,巴拿马
PAPUA NEW GUINEA,,,PNG,PG,PAP,598,Papua New Guinea,,巴布亚新几内亚
PARAGUAY,,,PRY,PY,PAR,600,Paraguay,,巴拉圭
PERU,,,PER,PE,PER,604,Peru,,秘鲁
Philippines,,,PHL,PH,PHI,608,Philippines,,菲律宾
,,United Kingdom,PCN,PN,PIT,612,Pitcairn Islands,Geographical; Postal; Currency; Telephone,皮特凯恩群岛
Poland,,,POL,PL,POL,616,Poland,,波兰
Portugal,,,PRT,PT,POR,620,Portugal,,葡萄牙
PUERTO RICO,,United States,PRI,PR,PUE,630,Puerto Rico,Geographical,波多黎各
,,Somalia,,,PUN,,Puntland,De Facto,邦特兰
QATAR,,,QAT,QA,QAT,634,Qatar,,卡塔尔
Romania,,,ROU,RO,ROM,642,Romania,,罗马尼亚
"RUSSIA, FEDERATION OF",,,RUS,RU,RUS,643,Russia,,俄国
RUANDA,,,RWA,RW,RWA,646,Rwanda,,卢旺达
REUNION,,France,REU,RE,REU,638,Réunion,Geographical; Postal; Currency; Telephone,团圆
,ISO codes added 28th Dec. 2010,The Netherlands,BES,BQ,SAB,535,Saba,Geographical; Postal; Currency; Telephone,萨巴
,,France,BLM,BL,STB,652,Saint Barthélemy,Geographical; Postal; Currency; Telephone,圣巴泰勒米
SAINT KITTS AND NEVIS,,,KNA,KN,STC,659,Saint Christopher & Nevis,,圣克里斯托弗和尼维斯
,,United Kingdom,SHN,SH,STH,654,Saint Helena,Geographical; Postal; Currency; Telephone,圣赫勒拿
SAINT LUCIA,,,LCA,LC,STL,662,Saint Lucia,,圣卢西亚
,,France,MAF,MF,STM,663,Saint Martin,Geographical; Postal; Currency; Telephone,圣马丁
,,France,SPM,PM,SPM,666,Saint Pierre & Miquelon,Geographical; Postal; Currency; Telephone,圣皮埃尔和密克隆群岛
SAINT VINCENT AND THE GRENADINES,,,VCT,VC,STV,670,Saint Vincent & The Grenadines,,圣文森特和格林纳丁斯
SAMOA,,,WSM,WS,WSM,882,Samoa,,萨摩亚
SAINT MARINO,,,SMR,SM,SAN,674,San Marino,,圣马力诺
SAO TOME AND PRINCIPE,,,STP,ST,SAO,678,Sao Tome & Principe,,圣多美和普林西比
SUADI ARABIA,,,SAU,SA,SAU,682,Saudi Arabia,,沙特阿拉伯
Senegal,,,SEN,SN,SEN,686,Senegal,,塞内加尔
Serbia,,,SRB,RS,YUG,688,Serbia,,塞尔维亚
SEYCHELLES,,,SYC,SC,SEY,690,Seychelles,,塞舌尔
SIERRA LEONE,,,SLE,SL,SIE,694,Sierra Leone,,塞拉利昂
SINGAPORE,,,SGP,SG,SIN,702,Singapore,,新加坡
,ISO codes added 28th Dec. 2010,The Netherlands,BES,BQ,STE,535,Sint Eustatius,Geographical; Postal; Currency; Telephone,圣尤斯特歇斯
,ISO codes added 28th Dec. 2010,The Netherlands,SXM,SX,SMA,534,Sint Maarten,Geographical; Postal; Currency; Telephone,圣马丁岛
Slovakia,,,SVK,SK,SLO,703,Slovakia,,斯洛伐克
Slovenia,,,SVN,SI,SLV,705,Slovenia,,斯洛文尼亚
SOLOMON ISLANDS,,,SLB,SB,SOL,90,Solomon Islands,,所罗门群岛
SOMALIA,,,SOM,SO,SOM,706,Somalia,,索马里
,,Somalia,SOM,SO,SOA,706,Somaliland,De Facto,索马里兰
South Africa,,,ZAF,ZA,SAF,710,South Africa,,南非
,,United Kingdom,SGS,GS,SGE,239,South Georgia & The South Sandwish Islands,Geographical; Postal; Currency; Telephone,南乔治亚岛与南夹心群岛
"KOREA, REPUBLIC OF",,,KOR,KR,SKO,418,South Korea,,韩国
,,Georgia,,,SOS,,South Ossetia,De Facto; Currency,南奥塞梯
SOUTH SUDAN,Added 22nd February 2011. ISO codes added 18th August 2011.,,SSD,SS,SSU,,South Sudan,,南苏丹
Spain,,,ESP,ES,SPA,724,Spain,,西班牙
SRI LANKA,,,LKA,LK,SRI,144,Sri Lanka,,斯里兰卡
Sudan,,,SDN,SD,SUD,736,Sudan,,苏丹
SURINAM,,,SUR,SR,SUR,740,Suriname,,苏里南
SWAZILAND,,,SWZ,SZ,SWA,748,Swaziland,,斯威士兰
Sweden,,,SWE,SE,SWE,752,Sweden,,瑞典
Switzerland,,,CHE,CH,SWI,756,Switzerland,,瑞士
"SYRIA, ARAB REPUBLIC",,,SYR,SY,SYR,760,Syria,,叙利亚
TAIWAN,,China,TWN,TW,TAI,158,Taiwan,,台湾
TAJIKISTAN,,,TJK,TJ,TAJ,762,Tajikistan,,塔吉克斯坦
"TANZANIA, UNITED RE UBLIC OF",,,TZA,TZ,TAN,834,Tanzania,,坦桑尼亚
THAILAND,,,THA,TH,THA,764,Thailand,,泰国
TOGO,,,TGO,TG,TOG,768,Togo,,多哥
,,New Zealand,TKL,TK,TOK,772,Tokelau,Geographical; Postal; Telephone,托克劳
TONGA,,,TON,TO,TON,776,Tonga,,汤加
,,Moldova,,,TRA,,Transdniestria,De Facto,德涅斯特
TRINIDAD AND TOBAGO,,,TTO,TT,TRI,780,Trinidad & Tobago,,特立尼达和多巴哥
Tunisia,,,TUN,TN,TUN,788,Tunisia,,突尼斯
Turkey,,,TUR,TR,TUR,792,Turkey,,火鸡
TURKMENISTAN,,,TKM,TM,TUK,795,Turkmenistan,,土库曼斯坦
,,United Kingdom,TCA,TC,TUC,796,Turks & Caicos Islands,Geographical; Postal; Currency; Telephone,特克斯和凯科斯群岛
TUVALU,,,TUV,TV,TUV,798,Tuvalu,,图瓦卢
Uganda,,,UGA,UG,UGA,800,Uganda,,乌干达
Ukraine,,,UKR,UA,UKR,804,Ukraine,,乌克兰
United Arab Emirates,,,ARE,AE,UAE,784,United Arab Emirates,,阿拉伯联合酋长国
United Kingdom,,,GBR,GB,UNI,826,United Kingdom,,英国
United States,,,USA,US,USA,840,United States,,美国
US VIRGIN ISLANDS,,United States of America,VIR,VI,VIR,850,United States Virgin Islands,Geographical,美属维尔京群岛
URUGUAY,,,URY,UY,URU,858,Uruguay,,乌拉圭
UZBEKISTAN,,,UZB,UZ,UZB,860,Uzbekistan,,乌兹别克斯坦
VANUATU,,,VUT,VU,VAN,548,Vanuatu,,瓦努阿图
VENEZUELA,,,VEN,VE,VEN,862,Venezuela,,委内瑞拉
VIETNAM,,,VNM,VN,VIE,704,Vietnam,,越南
,,France,WLF,WF,WAL,876,Wallis & Futuna,Geographical; Postal; Currency; Telephone,瓦利斯和富图纳群岛
WESTERN SAHARA,,Morocco,ESH,EH,WSA,732,Western Sahara,Political,西撒哈拉
Yemen,,,YEM,YE,YEM,887,Yemen,,也门
ZAMBIA,,,ZMB,ZM,ZAM,894,Zambia,,赞比亚
ZIMBABWE,,,ZWE,ZW,ZIM,716,Zimbabwe,,津巴布韦